<?xml version="1.0" encoding="UTF-8"?>
<project-private xmlns="http://www.netbeans.org/ns/project-private/1">
    <editor-bookmarks xmlns="http://www.netbeans.org/ns/editor-bookmarks/2" lastBookmarkId="0"/>
    <open-files xmlns="http://www.netbeans.org/ns/projectui-open-files/2">
        <group>
            <file>file:/C:/Users/Pedro/Desktop/Arquivos%20RTE/ECOP04/codigos/JogoBomba.X/teclado.c</file>
            <file>file:/C:/Users/Pedro/Desktop/Arquivos%20RTE/ECOP04/codigos/JogoBomba.X/delay.h</file>
            <file>file:/C:/Users/Pedro/Desktop/Arquivos%20RTE/ECOP04/codigos/JogoBomba.X/lcd.h</file>
            <file>file:/C:/Users/Pedro/Desktop/Arquivos%20RTE/ECOP04/codigos/JogoBomba.X/MAIN.c</file>
            <file>file:/C:/Users/Pedro/Desktop/Arquivos%20RTE/ECOP04/codigos/JogoBomba.X/config.h</file>
        </group>
    </open-files>
</project-private>
